{"app":["/app-55b2498b44f9b5058f12.js"],"component---src-templates-blog-template-js":["/component---src-templates-blog-template-js-3f8b25777ddc6c593e75.js"],"component---src-pages-404-js":["/component---src-pages-404-js-0290f163286959b63491.js"],"component---src-pages-blogs-js":["/component---src-pages-blogs-js-bc90d9da25faecb6d700.js"],"component---src-pages-index-js":["/component---src-pages-index-js-85801c3a246db299c0f5.js"],"component---src-pages-page-2-js":["/component---src-pages-page-2-js-3ced5b1d4e8549d44ce3.js"]}