{"errors":[],"warnings":[],"namedChunkGroups":{"app":{"chunks":[6,1,0,2],"assets":["webpack-runtime-eac04a4aaaf8e3751980.js","webpack-runtime-eac04a4aaaf8e3751980.js.map","styles.47d82dc71f7fd87d947f.css","styles-e0ebace174bd4d359884.js","styles-e0ebace174bd4d359884.js.map","commons-91bbdd1a5924c3832470.js","commons-91bbdd1a5924c3832470.js.map","app-3a12adb3097ffdbb0c16.js","app-3a12adb3097ffdbb0c16.js.map"],"children":{},"childAssets":{}},"component---src-pages-404-js":{"chunks":[1,0,3],"assets":["styles.47d82dc71f7fd87d947f.css","styles-e0ebace174bd4d359884.js","styles-e0ebace174bd4d359884.js.map","commons-91bbdd1a5924c3832470.js","commons-91bbdd1a5924c3832470.js.map","component---src-pages-404-js-0290f163286959b63491.js","component---src-pages-404-js-0290f163286959b63491.js.map"],"children":{},"childAssets":{}},"component---src-pages-index-js":{"chunks":[1,0,4],"assets":["styles.47d82dc71f7fd87d947f.css","styles-e0ebace174bd4d359884.js","styles-e0ebace174bd4d359884.js.map","commons-91bbdd1a5924c3832470.js","commons-91bbdd1a5924c3832470.js.map","component---src-pages-index-js-e7bfd44e06193a9a2224.js","component---src-pages-index-js-e7bfd44e06193a9a2224.js.map"],"children":{},"childAssets":{}},"component---src-pages-page-2-js":{"chunks":[1,0,5],"assets":["styles.47d82dc71f7fd87d947f.css","styles-e0ebace174bd4d359884.js","styles-e0ebace174bd4d359884.js.map","commons-91bbdd1a5924c3832470.js","commons-91bbdd1a5924c3832470.js.map","component---src-pages-page-2-js-c533758acaabdefda86a.js","component---src-pages-page-2-js-c533758acaabdefda86a.js.map"],"children":{},"childAssets":{}}},"assetsByChunkName":{"app":["webpack-runtime-eac04a4aaaf8e3751980.js","styles.47d82dc71f7fd87d947f.css","styles-e0ebace174bd4d359884.js","commons-91bbdd1a5924c3832470.js","app-3a12adb3097ffdbb0c16.js"],"component---src-pages-404-js":["styles.47d82dc71f7fd87d947f.css","styles-e0ebace174bd4d359884.js","commons-91bbdd1a5924c3832470.js","component---src-pages-404-js-0290f163286959b63491.js"],"component---src-pages-index-js":["styles.47d82dc71f7fd87d947f.css","styles-e0ebace174bd4d359884.js","commons-91bbdd1a5924c3832470.js","component---src-pages-index-js-e7bfd44e06193a9a2224.js"],"component---src-pages-page-2-js":["styles.47d82dc71f7fd87d947f.css","styles-e0ebace174bd4d359884.js","commons-91bbdd1a5924c3832470.js","component---src-pages-page-2-js-c533758acaabdefda86a.js"]}}