{"errors":[],"warnings":[],"namedChunkGroups":{"app":{"chunks":[8,1,0,2],"assets":["webpack-runtime-95b21b51359568e3118f.js","webpack-runtime-95b21b51359568e3118f.js.map","styles.789831a1621d17f3d0cd.css","styles-e0ebace174bd4d359884.js","styles-e0ebace174bd4d359884.js.map","commons-1601af2954b419704bc5.js","commons-1601af2954b419704bc5.js.map","app-55b2498b44f9b5058f12.js","app-55b2498b44f9b5058f12.js.map"],"children":{},"childAssets":{}},"component---src-templates-blog-template-js":{"chunks":[1,0,7],"assets":["styles.789831a1621d17f3d0cd.css","styles-e0ebace174bd4d359884.js","styles-e0ebace174bd4d359884.js.map","commons-1601af2954b419704bc5.js","commons-1601af2954b419704bc5.js.map","component---src-templates-blog-template-js-3f8b25777ddc6c593e75.js","component---src-templates-blog-template-js-3f8b25777ddc6c593e75.js.map"],"children":{},"childAssets":{}},"component---src-pages-404-js":{"chunks":[1,0,3],"assets":["styles.789831a1621d17f3d0cd.css","styles-e0ebace174bd4d359884.js","styles-e0ebace174bd4d359884.js.map","commons-1601af2954b419704bc5.js","commons-1601af2954b419704bc5.js.map","component---src-pages-404-js-0290f163286959b63491.js","component---src-pages-404-js-0290f163286959b63491.js.map"],"children":{},"childAssets":{}},"component---src-pages-blogs-js":{"chunks":[1,0,4],"assets":["styles.789831a1621d17f3d0cd.css","styles-e0ebace174bd4d359884.js","styles-e0ebace174bd4d359884.js.map","commons-1601af2954b419704bc5.js","commons-1601af2954b419704bc5.js.map","component---src-pages-blogs-js-bc90d9da25faecb6d700.js","component---src-pages-blogs-js-bc90d9da25faecb6d700.js.map"],"children":{},"childAssets":{}},"component---src-pages-index-js":{"chunks":[1,0,5],"assets":["styles.789831a1621d17f3d0cd.css","styles-e0ebace174bd4d359884.js","styles-e0ebace174bd4d359884.js.map","commons-1601af2954b419704bc5.js","commons-1601af2954b419704bc5.js.map","component---src-pages-index-js-85801c3a246db299c0f5.js","component---src-pages-index-js-85801c3a246db299c0f5.js.map"],"children":{},"childAssets":{}},"component---src-pages-page-2-js":{"chunks":[1,0,6],"assets":["styles.789831a1621d17f3d0cd.css","styles-e0ebace174bd4d359884.js","styles-e0ebace174bd4d359884.js.map","commons-1601af2954b419704bc5.js","commons-1601af2954b419704bc5.js.map","component---src-pages-page-2-js-3ced5b1d4e8549d44ce3.js","component---src-pages-page-2-js-3ced5b1d4e8549d44ce3.js.map"],"children":{},"childAssets":{}}},"assetsByChunkName":{"app":["webpack-runtime-95b21b51359568e3118f.js","styles.789831a1621d17f3d0cd.css","styles-e0ebace174bd4d359884.js","commons-1601af2954b419704bc5.js","app-55b2498b44f9b5058f12.js"],"component---src-templates-blog-template-js":["styles.789831a1621d17f3d0cd.css","styles-e0ebace174bd4d359884.js","commons-1601af2954b419704bc5.js","component---src-templates-blog-template-js-3f8b25777ddc6c593e75.js"],"component---src-pages-404-js":["styles.789831a1621d17f3d0cd.css","styles-e0ebace174bd4d359884.js","commons-1601af2954b419704bc5.js","component---src-pages-404-js-0290f163286959b63491.js"],"component---src-pages-blogs-js":["styles.789831a1621d17f3d0cd.css","styles-e0ebace174bd4d359884.js","commons-1601af2954b419704bc5.js","component---src-pages-blogs-js-bc90d9da25faecb6d700.js"],"component---src-pages-index-js":["styles.789831a1621d17f3d0cd.css","styles-e0ebace174bd4d359884.js","commons-1601af2954b419704bc5.js","component---src-pages-index-js-85801c3a246db299c0f5.js"],"component---src-pages-page-2-js":["styles.789831a1621d17f3d0cd.css","styles-e0ebace174bd4d359884.js","commons-1601af2954b419704bc5.js","component---src-pages-page-2-js-3ced5b1d4e8549d44ce3.js"]}}