{"errors":[],"warnings":[],"namedChunkGroups":{"app":{"chunks":[6,1,0,2],"assets":["webpack-runtime-5e596e4d64560264623f.js","webpack-runtime-5e596e4d64560264623f.js.map","styles.d0e1300c906eca9235c3.css","styles-e0ebace174bd4d359884.js","styles-e0ebace174bd4d359884.js.map","commons-91bbdd1a5924c3832470.js","commons-91bbdd1a5924c3832470.js.map","app-3a12adb3097ffdbb0c16.js","app-3a12adb3097ffdbb0c16.js.map"],"children":{},"childAssets":{}},"component---src-pages-404-js":{"chunks":[1,0,3],"assets":["styles.d0e1300c906eca9235c3.css","styles-e0ebace174bd4d359884.js","styles-e0ebace174bd4d359884.js.map","commons-91bbdd1a5924c3832470.js","commons-91bbdd1a5924c3832470.js.map","component---src-pages-404-js-0290f163286959b63491.js","component---src-pages-404-js-0290f163286959b63491.js.map"],"children":{},"childAssets":{}},"component---src-pages-index-js":{"chunks":[1,0,4],"assets":["styles.d0e1300c906eca9235c3.css","styles-e0ebace174bd4d359884.js","styles-e0ebace174bd4d359884.js.map","commons-91bbdd1a5924c3832470.js","commons-91bbdd1a5924c3832470.js.map","component---src-pages-index-js-6c991b48d27e342667f8.js","component---src-pages-index-js-6c991b48d27e342667f8.js.map"],"children":{},"childAssets":{}},"component---src-pages-page-2-js":{"chunks":[1,0,5],"assets":["styles.d0e1300c906eca9235c3.css","styles-e0ebace174bd4d359884.js","styles-e0ebace174bd4d359884.js.map","commons-91bbdd1a5924c3832470.js","commons-91bbdd1a5924c3832470.js.map","component---src-pages-page-2-js-c533758acaabdefda86a.js","component---src-pages-page-2-js-c533758acaabdefda86a.js.map"],"children":{},"childAssets":{}}},"assetsByChunkName":{"app":["webpack-runtime-5e596e4d64560264623f.js","styles.d0e1300c906eca9235c3.css","styles-e0ebace174bd4d359884.js","commons-91bbdd1a5924c3832470.js","app-3a12adb3097ffdbb0c16.js"],"component---src-pages-404-js":["styles.d0e1300c906eca9235c3.css","styles-e0ebace174bd4d359884.js","commons-91bbdd1a5924c3832470.js","component---src-pages-404-js-0290f163286959b63491.js"],"component---src-pages-index-js":["styles.d0e1300c906eca9235c3.css","styles-e0ebace174bd4d359884.js","commons-91bbdd1a5924c3832470.js","component---src-pages-index-js-6c991b48d27e342667f8.js"],"component---src-pages-page-2-js":["styles.d0e1300c906eca9235c3.css","styles-e0ebace174bd4d359884.js","commons-91bbdd1a5924c3832470.js","component---src-pages-page-2-js-c533758acaabdefda86a.js"]}}